key,status,source,match_method,bib_title,reference_title,title_exact,title_normalized_equal,title_similarity,bib_year,reference_year,year_equal,bib_first_author,reference_first_author,first_author_equal,bib_venue,reference_venue,venue_similarity,bib_doi,reference_doi,reference_url,scholar_url,issues
jiang-etal-2024-instruction,EXACT_TITLE_YEAR,Crossref,doi,Instruction-tuned Language Models are Better Knowledge Learners,Instruction-tuned Language Models are Better Knowledge Learners,True,True,1.0,2024,2024,True,Jiang,Jiang,True,Proceedings of the 62nd Annual Meeting of the Association for Computational Linguistics (Volume 1: Long Papers),Proceedings of the 62nd Annual Meeting of the Association for Computational Linguistics (Volume 1: Long Papers),1.0,10.18653/v1/2024.acl-long.296,10.18653/v1/2024.acl-long.296,https://doi.org/10.18653/v1/2024.acl-long.296,https://scholar.google.com/scholar?q=%22Instruction-tuned+Language+Models+are+Better+Knowledge+Learners%22,
ni-etal-2024-forgetting,EXACT_TITLE_YEAR,Crossref,doi,Forgetting before Learning: Utilizing Parametric Arithmetic for Knowledge Updating in Large Language Models,Forgetting before Learning: Utilizing Parametric Arithmetic for Knowledge Updating in Large Language Models,True,True,1.0,2024,2024,True,Ni,Ni,True,Proceedings of the 62nd Annual Meeting of the Association for Computational Linguistics (Volume 1: Long Papers),Proceedings of the 62nd Annual Meeting of the Association for Computational Linguistics (Volume 1: Long Papers),1.0,10.18653/v1/2024.acl-long.310,10.18653/v1/2024.acl-long.310,https://doi.org/10.18653/v1/2024.acl-long.310,https://scholar.google.com/scholar?q=%22Forgetting+before+Learning%3A+Utilizing+Parametric+Arithmetic+for+Knowledge+Updating+in+Large+Language+Models%22,
fu-etal-2024-safety,EXACT_TITLE_YEAR,Crossref,doi,Safety Alignment in NLP Tasks: Weakly Aligned Summarization as an In-Context Attack,Safety Alignment in NLP Tasks: Weakly Aligned Summarization as an In-Context Attack,True,True,1.0,2024,2024,True,Fu,Fu,True,Proceedings of the 62nd Annual Meeting of the Association for Computational Linguistics (Volume 1: Long Papers),Proceedings of the 62nd Annual Meeting of the Association for Computational Linguistics (Volume 1: Long Papers),1.0,10.18653/v1/2024.acl-long.461,10.18653/v1/2024.acl-long.461,https://doi.org/10.18653/v1/2024.acl-long.461,https://scholar.google.com/scholar?q=%22Safety+Alignment+in+NLP+Tasks%3A+Weakly+Aligned+Summarization+as+an+In-Context+Attack%22,
yu-etal-2024-explanation,EXACT_TITLE_YEAR,Crossref,doi,Explanation-aware Soft Ensemble Empowers Large Language Model In-context Learning,Explanation-aware Soft Ensemble Empowers Large Language Model In-context Learning,True,True,1.0,2024,2024,True,Yu,Yu,True,Proceedings of the 62nd Annual Meeting of the Association for Computational Linguistics (Volume 1: Long Papers),Proceedings of the 62nd Annual Meeting of the Association for Computational Linguistics (Volume 1: Long Papers),1.0,10.18653/v1/2024.acl-long.755,10.18653/v1/2024.acl-long.755,https://doi.org/10.18653/v1/2024.acl-long.755,https://scholar.google.com/scholar?q=%22Explanation-aware+Soft+Ensemble+Empowers+Large+Language+Model+In-context+Learning%22,
lu-etal-2023-makes,EXACT_TITLE_YEAR,Crossref,doi,What Makes Pre-trained Language Models Better Zero-shot Learners?,What Makes Pre-trained Language Models Better Zero-shot Learners?,True,True,1.0,2023,2023,True,Lu,Lu,True,Proceedings of the 61st Annual Meeting of the Association for Computational Linguistics (Volume 1: Long Papers),Proceedings of the 61st Annual Meeting of the Association for Computational Linguistics (Volume 1: Long Papers),1.0,10.18653/v1/2023.acl-long.128,10.18653/v1/2023.acl-long.128,https://doi.org/10.18653/v1/2023.acl-long.128,https://scholar.google.com/scholar?q=%22What+Makes+Pre-trained+Language+Models+Better+Zero-shot+Learners%3F%22,
sun-etal-2023-characters,EXACT_TITLE_YEAR,Crossref,doi,From Characters to Words: Hierarchical Pre-trained Language Model for Open-vocabulary Language Understanding,From Characters to Words: Hierarchical Pre-trained Language Model for Open-vocabulary Language Understanding,True,True,1.0,2023,2023,True,Sun,Sun,True,Proceedings of the 61st Annual Meeting of the Association for Computational Linguistics (Volume 1: Long Papers),Proceedings of the 61st Annual Meeting of the Association for Computational Linguistics (Volume 1: Long Papers),1.0,10.18653/v1/2023.acl-long.200,10.18653/v1/2023.acl-long.200,https://doi.org/10.18653/v1/2023.acl-long.200,https://scholar.google.com/scholar?q=%22From+Characters+to+Words%3A+Hierarchical+Pre-trained+Language+Model+for+Open-vocabulary+Language+Understanding%22,
amplayo-etal-2023-query,EXACT_TITLE_YEAR,Crossref,doi,Query Refinement Prompts for Closed-Book Long-Form QA,Query Refinement Prompts for Closed-Book Long-Form QA,True,True,1.0,2023,2023,True,Amplayo,Amplayo,True,Proceedings of the 61st Annual Meeting of the Association for Computational Linguistics (Volume 1: Long Papers),Proceedings of the 61st Annual Meeting of the Association for Computational Linguistics (Volume 1: Long Papers),1.0,10.18653/v1/2023.acl-long.444,10.18653/v1/2023.acl-long.444,https://doi.org/10.18653/v1/2023.acl-long.444,https://scholar.google.com/scholar?q=%22Query+Refinement+Prompts+for+Closed-Book+Long-Form+QA%22,
jang-etal-2023-knowledge,EXACT_TITLE_YEAR,Crossref,doi,Knowledge Unlearning for Mitigating Privacy Risks in Language Models,Knowledge Unlearning for Mitigating Privacy Risks in Language Models,True,True,1.0,2023,2023,True,Jang,Jang,True,Proceedings of the 61st Annual Meeting of the Association for Computational Linguistics (Volume 1: Long Papers),Proceedings of the 61st Annual Meeting of the Association for Computational Linguistics (Volume 1: Long Papers),1.0,10.18653/v1/2023.acl-long.805,10.18653/v1/2023.acl-long.805,https://doi.org/10.18653/v1/2023.acl-long.805,https://scholar.google.com/scholar?q=%22Knowledge+Unlearning+for+Mitigating+Privacy+Risks+in+Language+Models%22,
du-etal-2022-glm,EXACT_TITLE_YEAR,Crossref,doi,GLM: General Language Model Pretraining with Autoregressive Blank Infilling,GLM: General Language Model Pretraining with Autoregressive Blank Infilling,True,True,1.0,2022,2022,True,Du,Du,True,Proceedings of the 60th Annual Meeting of the Association for Computational Linguistics (Volume 1: Long Papers),Proceedings of the 60th Annual Meeting of the Association for Computational Linguistics (Volume 1: Long Papers),1.0,10.18653/v1/2022.acl-long.26,10.18653/v1/2022.acl-long.26,https://doi.org/10.18653/v1/2022.acl-long.26,https://scholar.google.com/scholar?q=%22GLM%3A+General+Language+Model+Pretraining+with+Autoregressive+Blank+Infilling%22,
wang-etal-2022-expanding,EXACT_TITLE_YEAR,Crossref,doi,Expanding Pretrained Models to Thousands More Languages via Lexicon-based Adaptation,Expanding Pretrained Models to Thousands More Languages via Lexicon-based Adaptation,True,True,1.0,2022,2022,True,Wang,Wang,True,Proceedings of the 60th Annual Meeting of the Association for Computational Linguistics (Volume 1: Long Papers),Proceedings of the 60th Annual Meeting of the Association for Computational Linguistics (Volume 1: Long Papers),1.0,10.18653/v1/2022.acl-long.61,10.18653/v1/2022.acl-long.61,https://doi.org/10.18653/v1/2022.acl-long.61,https://scholar.google.com/scholar?q=%22Expanding+Pretrained+Models+to+Thousands+More+Languages+via+Lexicon-based+Adaptation%22,
bao-etal-2022-learning,EXACT_TITLE_YEAR,Crossref,doi,Learning to Mediate Disparities Towards Pragmatic Communication,Learning to Mediate Disparities Towards Pragmatic Communication,True,True,1.0,2022,2022,True,Bao,Bao,True,Proceedings of the 60th Annual Meeting of the Association for Computational Linguistics (Volume 1: Long Papers),Proceedings of the 60th Annual Meeting of the Association for Computational Linguistics (Volume 1: Long Papers),1.0,10.18653/v1/2022.acl-long.202,10.18653/v1/2022.acl-long.202,https://doi.org/10.18653/v1/2022.acl-long.202,https://scholar.google.com/scholar?q=%22Learning+to+Mediate+Disparities+Towards+Pragmatic+Communication%22,
li-etal-2022-improving,EXACT_TITLE_YEAR,Crossref,doi,Improving Word Translation via Two-Stage Contrastive Learning,Improving Word Translation via Two-Stage Contrastive Learning,True,True,1.0,2022,2022,True,Li,Li,True,Proceedings of the 60th Annual Meeting of the Association for Computational Linguistics (Volume 1: Long Papers),Proceedings of the 60th Annual Meeting of the Association for Computational Linguistics (Volume 1: Long Papers),1.0,10.18653/v1/2022.acl-long.299,10.18653/v1/2022.acl-long.299,https://doi.org/10.18653/v1/2022.acl-long.299,https://scholar.google.com/scholar?q=%22Improving+Word+Translation+via+Two-Stage+Contrastive+Learning%22,
